{
    "anchor1": {
        "x_mid": 28.820929118773947,
        "x_max": 57.64185823754789,
        "y_max": 84.36289990421457,
        "y_mid": 42.181449952107286,
        "y_min": 0.0,
        "x_min": 0.0
    },
    "anchor5": {
        "x_mid": 13.142856338985785,
        "x_max": 26.28571267797157,
        "y_max": 64.7619022856114,
        "y_mid": 32.3809511428057,
        "y_min": 0.0,
        "x_min": 0.0
    },
    "anchor2": {
        "x_mid": 52.32293267813267,
        "x_max": 104.64586535626535,
        "y_max": 177.5369841113841,
        "y_mid": 88.76849205569205,
        "y_min": 0.0,
        "x_min": 0.0
    },
    "anchor4": {
        "x_mid": 105.39573777740942,
        "x_max": 210.79147555481885,
        "y_max": 353.594431943499,
        "y_mid": 176.7972159717495,
        "y_min": 0.0,
        "x_min": 0.0
    },
    "anchor3": {
        "x_mid": 26.367250396662165,
        "x_max": 52.73450079332433,
        "y_max": 164.65018804724687,
        "y_mid": 82.32509402362344,
        "y_min": 0.0,
        "x_min": 0.0
    }
}